{"cameraMode":{"drawMode":0,"name":"Shaded","section":"Shading Mode"},"sceneLighting":true,"audioPlay":false,"sceneViewState":{"showFog":true,"showMaterialUpdate":false,"showSkybox":true,"showFlares":true,"showImageEffects":true,"showParticleSystems":true},"in2DMode":false,"pivot":{"x":39.62137222290039,"y":18.70024299621582,"z":242.85980224609376},"rotation":{"x":-0.0048965332098305229,"y":0.9916508793830872,"z":-0.037484318017959598,"w":-0.12394062429666519},"size":3.3462038040161135,"orthographic":false}