{"cameraMode":{"drawMode":0,"name":"Shaded","section":"Shading Mode"},"sceneLighting":true,"audioPlay":false,"sceneViewState":{"showFog":true,"showMaterialUpdate":false,"showSkybox":true,"showFlares":true,"showImageEffects":true,"showParticleSystems":true},"in2DMode":false,"pivot":{"x":75.41014862060547,"y":88.88697052001953,"z":264.53424072265627},"rotation":{"x":-0.1476375311613083,"y":-0.8090627789497376,"z":0.22940845787525178,"w":-0.5205911993980408},"size":3.5234341621398927,"orthographic":false}